{"temprature": 39.0, "tempPressure": 38.8, "humidity": 24.9, "acceleration": {"x": 0.12098050862550735, "y": 0.04054636135697365, "z": 0.9652832746505737}}